instance_id,city_id,cluster_pattern,scale,instance_seed,n_tasks,n_used_buildings,mean_tasks_per_used_building,multi_task_building_count,multi_task_building_share,task_share_RES,task_share_OFF,task_share_COM,task_share_SCH,cluster_count,cluster_size_mean,cluster_size_cv,normalized_spatial_dispersion,road_nodes_city,directed_edges_city,road_length_km_city,mean_circuity_city,mean_directional_asymmetry_city,bks_technicians,bks_travel_time_min,unit_task_travel_time_min,lower_bound,upper_bound,gap,status
GISB-BJS-CH-100-S012,BJS,CH,100,12,100,38,2.6315789473684212,30,0.7894736842105263,0.65,0.09,0.24,0.02,15,6.666666666666667,0.2720294101747089,0.27197203597625874,10193,22733,3426.504140812174,1.3276120168182397,0.0561704733131041,1,689.280171,6.89280171,1,1,0,K-OPT
GISB-BJS-CH-100-S034,BJS,CH,100,34,100,39,2.5641025641025643,29,0.7435897435897436,0.82,0.16,0.0,0.02,15,6.666666666666667,0.317804971641414,0.25839487242793047,10193,22733,3426.504140812174,1.3276120168182397,0.0561704733131041,1,675.282881,6.75282881,1,1,0,K-OPT
GISB-BJS-CH-100-S056,BJS,CH,100,56,100,46,2.1739130434782608,36,0.782608695652174,0.68,0.15,0.03,0.14,15,6.666666666666667,0.2720294101747089,0.2561950037753139,10193,22733,3426.504140812174,1.3276120168182397,0.0561704733131041,1,729.212569,7.292125690000001,1,1,0,K-OPT
GISB-BJS-CH-100-S078,BJS,CH,100,78,100,44,2.272727272727273,31,0.7045454545454546,0.81,0.07,0.1,0.02,15,6.666666666666667,0.29325756597230357,0.2714475075831451,10193,22733,3426.504140812174,1.3276120168182397,0.0561704733131041,1,765.052293,7.650522929999999,1,1,0,K-OPT
GISB-BJS-CH-100-S090,BJS,CH,100,90,100,42,2.380952380952381,31,0.7380952380952381,0.67,0.16,0.17,0.0,15,6.666666666666667,0.3271085446759225,0.2794589974198457,10193,22733,3426.504140812174,1.3276120168182397,0.0561704733131041,1,685.442717,6.85442717,1,1,0,K-OPT
GISB-BJS-CH-1000-S012,BJS,CH,1000,12,1000,408,2.450980392156863,300,0.7352941176470589,0.757,0.099,0.083,0.061,143,6.993006993006993,0.28674727548836454,0.28560556663004966,10193,22733,3426.504140812174,1.3276120168182397,0.0561704733131041,6,11765.686688,11.765686688,5,6,1,K-OPEN
GISB-BJS-CH-1000-S034,BJS,CH,1000,34,1000,424,2.358490566037736,298,0.7028301886792453,0.679,0.149,0.099,0.073,143,6.993006993006993,0.26712543869875066,0.2789586508792321,10193,22733,3426.504140812174,1.3276120168182397,0.0561704733131041,7,11264.842812,11.264842812000001,5,7,2,K-OPEN
GISB-BJS-CH-1000-S056,BJS,CH,1000,56,1000,411,2.4330900243309004,296,0.7201946472019465,0.722,0.142,0.089,0.047,143,6.993006993006993,0.29413262314813027,0.2770695217201083,10193,22733,3426.504140812174,1.3276120168182397,0.0561704733131041,7,10715.61335,10.71561335,5,7,2,K-OPEN
GISB-BJS-CH-1000-S078,BJS,CH,1000,78,1000,407,2.457002457002457,296,0.7272727272727273,0.718,0.154,0.087,0.041,143,6.993006993006993,0.28474550040343044,0.27865077356890333,10193,22733,3426.504140812174,1.3276120168182397,0.0561704733131041,6,11601.648449,11.601648449,5,6,1,K-OPEN
GISB-BJS-CH-1000-S090,BJS,CH,1000,90,1000,419,2.386634844868735,302,0.720763723150358,0.754,0.121,0.072,0.053,143,6.993006993006993,0.2902171600715574,0.2838637127226667,10193,22733,3426.504140812174,1.3276120168182397,0.0561704733131041,7,10681.027212,10.681027212,5,7,2,K-OPEN
GISB-BJS-CH-500-S012,BJS,CH,500,12,500,214,2.336448598130841,147,0.6869158878504673,0.762,0.116,0.072,0.05,72,6.944444444444445,0.3025227264190246,0.27905131832322916,10193,22733,3426.504140812174,1.3276120168182397,0.0561704733131041,3,5853.732801,11.707465602000001,3,3,0,K-OPT
GISB-BJS-CH-500-S034,BJS,CH,500,34,500,217,2.304147465437788,155,0.7142857142857143,0.758,0.094,0.084,0.064,72,6.944444444444445,0.26928052287530935,0.2893745289242816,10193,22733,3426.504140812174,1.3276120168182397,0.0561704733131041,3,5813.348489,11.626696978,3,3,0,K-OPT
GISB-BJS-CH-500-S056,BJS,CH,500,56,500,209,2.3923444976076556,150,0.7177033492822966,0.704,0.138,0.112,0.046,72,6.944444444444445,0.2918629815512752,0.2783416814434499,10193,22733,3426.504140812174,1.3276120168182397,0.0561704733131041,3,5961.012867,11.922025734,3,3,0,K-OPT
GISB-BJS-CH-500-S078,BJS,CH,500,78,500,217,2.304147465437788,153,0.7050691244239631,0.734,0.104,0.116,0.046,72,6.944444444444445,0.3015692291995322,0.28348265915039883,10193,22733,3426.504140812174,1.3276120168182397,0.0561704733131041,3,5653.824107,11.307648214,3,3,0,K-OPT
GISB-BJS-CH-500-S090,BJS,CH,500,90,500,221,2.262443438914027,150,0.6787330316742082,0.696,0.158,0.086,0.06,72,6.944444444444445,0.267132925713024,0.2883066744135029,10193,22733,3426.504140812174,1.3276120168182397,0.0561704733131041,4,5794.622985,11.58924597,3,4,1,K-OPEN
GISB-BJS-CU-100-S012,BJS,CU,100,12,100,37,2.7027027027027026,28,0.7567567567567568,0.77,0.12,0.1,0.01,15,6.666666666666667,0.23664319132398462,0.2923317847009222,10193,22733,3426.504140812174,1.3276120168182397,0.0561704733131041,1,684.016106,6.840161060000001,1,1,0,K-OPT
GISB-BJS-CU-100-S034,BJS,CU,100,34,100,45,2.2222222222222223,33,0.7333333333333333,0.7,0.17,0.1,0.03,15,6.666666666666667,0.23021728866442676,0.2710927765484236,10193,22733,3426.504140812174,1.3276120168182397,0.0561704733131041,1,655.511465,6.55511465,1,1,0,K-OPT
GISB-BJS-CU-100-S056,BJS,CU,100,56,100,45,2.2222222222222223,31,0.6888888888888889,0.71,0.12,0.16,0.01,15,6.666666666666667,0.25495097567963926,0.2996837077929552,10193,22733,3426.504140812174,1.3276120168182397,0.0561704733131041,1,738.234085,7.38234085,1,1,0,K-OPT
GISB-BJS-CU-100-S078,BJS,CU,100,78,100,43,2.3255813953488373,28,0.6511627906976745,0.61,0.17,0.09,0.13,15,6.666666666666667,0.16124515496597097,0.2528367342814097,10193,22733,3426.504140812174,1.3276120168182397,0.0561704733131041,1,685.710339,6.85710339,1,1,0,K-OPT
GISB-BJS-CU-100-S090,BJS,CU,100,90,100,39,2.5641025641025643,28,0.717948717948718,0.73,0.1,0.12,0.05,15,6.666666666666667,0.19493588689617927,0.2720562433355843,10193,22733,3426.504140812174,1.3276120168182397,0.0561704733131041,1,731.281486,7.31281486,1,1,0,K-OPT
GISB-BJS-CU-1000-S012,BJS,CU,1000,12,1000,417,2.3980815347721824,300,0.7194244604316546,0.726,0.131,0.096,0.047,143,6.993006993006993,0.24940729740727313,0.2822499464949202,10193,22733,3426.504140812174,1.3276120168182397,0.0561704733131041,7,11480.26323,11.48026323,5,7,2,K-OPEN
GISB-BJS-CU-1000-S034,BJS,CU,1000,34,1000,417,2.3980815347721824,296,0.709832134292566,0.745,0.139,0.065,0.051,143,6.993006993006993,0.24419254697881346,0.2828827004854701,10193,22733,3426.504140812174,1.3276120168182397,0.0561704733131041,7,11329.548475,11.329548475,5,7,2,K-OPEN
GISB-BJS-CU-1000-S056,BJS,CU,1000,56,1000,430,2.3255813953488373,294,0.6837209302325581,0.744,0.134,0.065,0.057,143,6.993006993006993,0.2142475204057214,0.28102946969829856,10193,22733,3426.504140812174,1.3276120168182397,0.0561704733131041,7,11307.515378,11.307515378,5,7,2,K-OPEN
GISB-BJS-CU-1000-S078,BJS,CU,1000,78,1000,412,2.4271844660194173,290,0.7038834951456311,0.727,0.138,0.083,0.052,143,6.993006993006993,0.21290843102141352,0.2801300347774301,10193,22733,3426.504140812174,1.3276120168182397,0.0561704733131041,7,10658.714851,10.658714851000001,5,7,2,K-OPEN
GISB-BJS-CU-1000-S090,BJS,CU,1000,90,1000,412,2.4271844660194173,295,0.7160194174757282,0.723,0.126,0.106,0.045,143,6.993006993006993,0.2272047534714008,0.2798989037506696,10193,22733,3426.504140812174,1.3276120168182397,0.0561704733131041,6,11438.712164,11.438712164,5,6,1,K-OPEN
GISB-BJS-CU-500-S012,BJS,CU,500,12,500,220,2.272727272727273,146,0.6636363636363637,0.704,0.144,0.112,0.04,72,6.944444444444445,0.24462215762273049,0.2847801564402516,10193,22733,3426.504140812174,1.3276120168182397,0.0561704733131041,4,5678.480425,11.35696085,3,4,1,K-OPEN
GISB-BJS-CU-500-S034,BJS,CU,500,34,500,202,2.4752475247524752,146,0.7227722772277227,0.73,0.106,0.108,0.056,72,6.944444444444445,0.24579666393179544,0.2824946698284544,10193,22733,3426.504140812174,1.3276120168182397,0.0561704733131041,3,5624.334689,11.248669378,3,3,0,K-OPT
GISB-BJS-CU-500-S056,BJS,CU,500,56,500,211,2.3696682464454977,150,0.7109004739336493,0.718,0.136,0.086,0.06,72,6.944444444444445,0.2104471430074545,0.28818415148840165,10193,22733,3426.504140812174,1.3276120168182397,0.0561704733131041,3,5743.627561,11.487255122,3,3,0,K-OPT
GISB-BJS-CU-500-S078,BJS,CU,500,78,500,213,2.347417840375587,154,0.7230046948356808,0.696,0.132,0.126,0.046,72,6.944444444444445,0.20489997559785117,0.28361365235361957,10193,22733,3426.504140812174,1.3276120168182397,0.0561704733131041,4,5947.70905,11.8954181,3,4,1,K-OPEN
GISB-BJS-CU-500-S090,BJS,CU,500,90,500,220,2.272727272727273,151,0.6863636363636364,0.74,0.132,0.066,0.062,72,6.944444444444445,0.24812899870833313,0.274964959646087,10193,22733,3426.504140812174,1.3276120168182397,0.0561704733131041,3,5804.807663,11.609615325999998,3,3,0,K-OPT
GISB-BJS-CZ-100-S012,BJS,CZ,100,12,100,35,2.857142857142857,27,0.7714285714285715,0.74,0.11,0.1,0.05,15,6.666666666666667,0.23664319132398462,0.04583937248750877,10193,22733,3426.504140812174,1.3276120168182397,0.0561704733131041,1,132.695347,1.32695347,1,1,0,K-OPT
GISB-BJS-CZ-100-S034,BJS,CZ,100,34,100,60,1.6666666666666667,23,0.38333333333333336,0.64,0.19,0.12,0.05,15,6.666666666666667,0.23021728866442676,0.07000370998155182,10193,22733,3426.504140812174,1.3276120168182397,0.0561704733131041,1,253.696244,2.53696244,1,1,0,K-OPT
GISB-BJS-CZ-100-S056,BJS,CZ,100,56,100,43,2.3255813953488373,33,0.7674418604651163,0.72,0.15,0.06,0.07,15,6.666666666666667,0.25495097567963926,0.06173311424493495,10193,22733,3426.504140812174,1.3276120168182397,0.0561704733131041,1,220.497501,2.20497501,1,1,0,K-OPT
GISB-BJS-CZ-100-S078,BJS,CZ,100,78,100,40,2.5,33,0.825,0.71,0.15,0.1,0.04,15,6.666666666666667,0.16124515496597097,0.057142257173320304,10193,22733,3426.504140812174,1.3276120168182397,0.0561704733131041,1,275.870105,2.7587010500000004,1,1,0,K-OPT
GISB-BJS-CZ-100-S090,BJS,CZ,100,90,100,40,2.5,28,0.7,0.79,0.12,0.06,0.03,15,6.666666666666667,0.19493588689617927,0.05659383627325737,10193,22733,3426.504140812174,1.3276120168182397,0.0561704733131041,1,223.262965,2.2326296500000002,1,1,0,K-OPT
GISB-BJS-CZ-1000-S012,BJS,CZ,1000,12,1000,423,2.3640661938534278,297,0.7021276595744681,0.737,0.136,0.09,0.037,143,6.993006993006993,0.24940729740727313,0.19912718372215324,10193,22733,3426.504140812174,1.3276120168182397,0.0561704733131041,6,7835.293764,7.835293764,5,6,1,K-OPEN
GISB-BJS-CZ-1000-S034,BJS,CZ,1000,34,1000,393,2.544529262086514,309,0.7862595419847328,0.742,0.138,0.079,0.041,143,6.993006993006993,0.24419254697881346,0.288731681475251,10193,22733,3426.504140812174,1.3276120168182397,0.0561704733131041,6,11361.239327,11.361239327,5,6,1,K-OPEN
GISB-BJS-CZ-1000-S056,BJS,CZ,1000,56,1000,426,2.347417840375587,311,0.7300469483568075,0.753,0.125,0.082,0.04,143,6.993006993006993,0.2142475204057214,0.2888364162001035,10193,22733,3426.504140812174,1.3276120168182397,0.0561704733131041,6,11490.882694,11.490882694,5,6,1,K-OPEN
GISB-BJS-CZ-1000-S078,BJS,CZ,1000,78,1000,411,2.4330900243309004,299,0.7274939172749392,0.729,0.132,0.088,0.051,143,6.993006993006993,0.21290843102141352,0.21413854863709592,10193,22733,3426.504140812174,1.3276120168182397,0.0561704733131041,6,8486.926264,8.486926264,5,6,1,K-OPEN
GISB-BJS-CZ-1000-S090,BJS,CZ,1000,90,1000,396,2.525252525252525,305,0.7702020202020202,0.731,0.136,0.084,0.049,143,6.993006993006993,0.2272047534714008,0.3045547808182389,10193,22733,3426.504140812174,1.3276120168182397,0.0561704733131041,6,11161.699722,11.161699722,5,6,1,K-OPEN
GISB-BJS-CZ-500-S012,BJS,CZ,500,12,500,224,2.232142857142857,151,0.6741071428571429,0.75,0.12,0.08,0.05,72,6.944444444444445,0.24462215762273049,0.22547193236525204,10193,22733,3426.504140812174,1.3276120168182397,0.0561704733131041,3,4107.847691,8.215695382,3,3,0,K-OPT
GISB-BJS-CZ-500-S034,BJS,CZ,500,34,500,232,2.1551724137931036,134,0.5775862068965517,0.708,0.146,0.108,0.038,72,6.944444444444445,0.24579666393179544,0.145260689944997,10193,22733,3426.504140812174,1.3276120168182397,0.0561704733131041,3,3087.332843,6.174665686,3,3,0,K-OPT
GISB-BJS-CZ-500-S056,BJS,CZ,500,56,500,191,2.6178010471204187,145,0.7591623036649214,0.724,0.148,0.08,0.048,72,6.944444444444445,0.2104471430074545,0.12937165029081882,10193,22733,3426.504140812174,1.3276120168182397,0.0561704733131041,3,2506.318698,5.012637396,3,3,0,K-OPT
GISB-BJS-CZ-500-S078,BJS,CZ,500,78,500,233,2.1459227467811157,140,0.6008583690987125,0.742,0.128,0.074,0.056,72,6.944444444444445,0.20489997559785117,0.15671329962736105,10193,22733,3426.504140812174,1.3276120168182397,0.0561704733131041,3,3082.79089,6.16558178,3,3,0,K-OPT
GISB-BJS-CZ-500-S090,BJS,CZ,500,90,500,194,2.577319587628866,150,0.7731958762886598,0.736,0.146,0.062,0.056,72,6.944444444444445,0.24812899870833313,0.24105220512516043,10193,22733,3426.504140812174,1.3276120168182397,0.0561704733131041,3,3516.243149,7.032486298,3,3,0,K-OPT
GISB-CKG-CH-100-S012,CKG,CH,100,12,100,41,2.4390243902439024,28,0.6829268292682927,0.66,0.2,0.09,0.05,15,6.666666666666667,0.2720294101747089,0.2721111317989071,8134,15805,2714.110001269541,1.5387099498332557,0.0999162332965923,1,725.555966,7.25555966,1,1,0,K-OPT
GISB-CKG-CH-100-S034,CKG,CH,100,34,100,39,2.5641025641025643,32,0.8205128205128205,0.88,0.03,0.0,0.09,15,6.666666666666667,0.317804971641414,0.30967481061066515,8134,15805,2714.110001269541,1.5387099498332557,0.0999162332965923,1,893.583274,8.93583274,1,1,0,K-OPT
GISB-CKG-CH-100-S056,CKG,CH,100,56,100,41,2.4390243902439024,35,0.8536585365853658,0.79,0.07,0.08,0.06,15,6.666666666666667,0.2720294101747089,0.26795103188350566,8134,15805,2714.110001269541,1.5387099498332557,0.0999162332965923,1,832.845625,8.32845625,1,1,0,K-OPT
GISB-CKG-CH-100-S078,CKG,CH,100,78,100,35,2.857142857142857,32,0.9142857142857143,0.67,0.25,0.03,0.05,15,6.666666666666667,0.29325756597230357,0.28590017694301195,8134,15805,2714.110001269541,1.5387099498332557,0.0999162332965923,1,822.247598,8.22247598,1,1,0,K-OPT
GISB-CKG-CH-100-S090,CKG,CH,100,90,100,36,2.7777777777777777,30,0.8333333333333334,0.55,0.24,0.18,0.03,15,6.666666666666667,0.3271085446759225,0.3135046308443564,8134,15805,2714.110001269541,1.5387099498332557,0.0999162332965923,1,1013.210575,10.13210575,1,1,0,K-OPT
GISB-CKG-CH-1000-S012,CKG,CH,1000,12,1000,388,2.577319587628866,296,0.7628865979381443,0.737,0.145,0.077,0.041,143,6.993006993006993,0.28674727548836454,0.27178516947068937,8134,15805,2714.110001269541,1.5387099498332557,0.0999162332965923,7,12261.233405,12.261233405,5,7,2,K-OPEN
GISB-CKG-CH-1000-S034,CKG,CH,1000,34,1000,403,2.4813895781637716,306,0.7593052109181141,0.734,0.112,0.094,0.06,143,6.993006993006993,0.26712543869875066,0.27104222590816285,8134,15805,2714.110001269541,1.5387099498332557,0.0999162332965923,7,12224.036405,12.224036405000001,5,7,2,K-OPEN
GISB-CKG-CH-1000-S056,CKG,CH,1000,56,1000,396,2.525252525252525,306,0.7727272727272727,0.71,0.167,0.078,0.045,143,6.993006993006993,0.29413262314813027,0.2742080030299472,8134,15805,2714.110001269541,1.5387099498332557,0.0999162332965923,7,12830.900719,12.830900718999999,5,7,2,K-OPEN
GISB-CKG-CH-1000-S078,CKG,CH,1000,78,1000,392,2.5510204081632653,293,0.7474489795918368,0.713,0.116,0.102,0.069,143,6.993006993006993,0.28474550040343044,0.27302973496542426,8134,15805,2714.110001269541,1.5387099498332557,0.0999162332965923,7,12371.351258,12.371351258,5,7,2,K-OPEN
GISB-CKG-CH-1000-S090,CKG,CH,1000,90,1000,403,2.4813895781637716,303,0.7518610421836228,0.709,0.165,0.078,0.048,143,6.993006993006993,0.2902171600715574,0.27745802529987074,8134,15805,2714.110001269541,1.5387099498332557,0.0999162332965923,7,13041.383357,13.041383357,5,7,2,K-OPEN
GISB-CKG-CH-500-S012,CKG,CH,500,12,500,194,2.577319587628866,149,0.7680412371134021,0.754,0.104,0.1,0.042,72,6.944444444444445,0.3025227264190246,0.27401777214182416,8134,15805,2714.110001269541,1.5387099498332557,0.0999162332965923,4,6177.165643,12.354331286,3,4,1,K-OPEN
GISB-CKG-CH-500-S034,CKG,CH,500,34,500,193,2.5906735751295336,140,0.7253886010362695,0.776,0.11,0.096,0.018,72,6.944444444444445,0.26928052287530935,0.2801627085952994,8134,15805,2714.110001269541,1.5387099498332557,0.0999162332965923,4,6236.627775,12.47325555,3,4,1,K-OPEN
GISB-CKG-CH-500-S056,CKG,CH,500,56,500,199,2.512562814070352,150,0.7537688442211056,0.694,0.136,0.112,0.058,72,6.944444444444445,0.2918629815512752,0.27239787433531104,8134,15805,2714.110001269541,1.5387099498332557,0.0999162332965923,4,6411.982594,12.823965188,3,4,1,K-OPEN
GISB-CKG-CH-500-S078,CKG,CH,500,78,500,213,2.347417840375587,153,0.7183098591549296,0.71,0.116,0.108,0.066,72,6.944444444444445,0.3015692291995322,0.27596267704406147,8134,15805,2714.110001269541,1.5387099498332557,0.0999162332965923,4,6420.415916,12.840831832,3,4,1,K-OPEN
GISB-CKG-CH-500-S090,CKG,CH,500,90,500,200,2.5,153,0.765,0.76,0.138,0.07,0.032,72,6.944444444444445,0.267132925713024,0.2805173247910375,8134,15805,2714.110001269541,1.5387099498332557,0.0999162332965923,4,6392.151984,12.784303968,3,4,1,K-OPEN
GISB-CKG-CU-100-S012,CKG,CU,100,12,100,43,2.3255813953488373,28,0.6511627906976745,0.75,0.08,0.08,0.09,15,6.666666666666667,0.23664319132398462,0.24817065352399306,8134,15805,2714.110001269541,1.5387099498332557,0.0999162332965923,1,858.253206,8.58253206,1,1,0,K-OPT
GISB-CKG-CU-100-S034,CKG,CU,100,34,100,42,2.380952380952381,31,0.7380952380952381,0.78,0.08,0.06,0.08,15,6.666666666666667,0.23021728866442676,0.2814124254512912,8134,15805,2714.110001269541,1.5387099498332557,0.0999162332965923,1,902.304417,9.023044169999999,1,1,0,K-OPT
GISB-CKG-CU-100-S056,CKG,CU,100,56,100,37,2.7027027027027026,26,0.7027027027027027,0.75,0.11,0.09,0.05,15,6.666666666666667,0.25495097567963926,0.26405496699357,8134,15805,2714.110001269541,1.5387099498332557,0.0999162332965923,1,693.311775,6.93311775,1,1,0,K-OPT
GISB-CKG-CU-100-S078,CKG,CU,100,78,100,41,2.4390243902439024,31,0.7560975609756098,0.76,0.09,0.08,0.07,15,6.666666666666667,0.16124515496597097,0.24844364922069215,8134,15805,2714.110001269541,1.5387099498332557,0.0999162332965923,1,817.836435,8.17836435,1,1,0,K-OPT
GISB-CKG-CU-100-S090,CKG,CU,100,90,100,46,2.1739130434782608,31,0.6739130434782609,0.84,0.13,0.03,0.0,15,6.666666666666667,0.19493588689617927,0.27531717445851345,8134,15805,2714.110001269541,1.5387099498332557,0.0999162332965923,1,760.519156,7.60519156,1,1,0,K-OPT
GISB-CKG-CU-1000-S012,CKG,CU,1000,12,1000,390,2.5641025641025643,298,0.764102564102564,0.737,0.123,0.094,0.046,143,6.993006993006993,0.24940729740727313,0.2734628789032665,8134,15805,2714.110001269541,1.5387099498332557,0.0999162332965923,7,12025.047003,12.025047003,5,7,2,K-OPEN
GISB-CKG-CU-1000-S034,CKG,CU,1000,34,1000,404,2.4752475247524752,293,0.7252475247524752,0.721,0.124,0.101,0.054,143,6.993006993006993,0.24419254697881346,0.2721326369016728,8134,15805,2714.110001269541,1.5387099498332557,0.0999162332965923,7,12046.662381,12.046662381,5,7,2,K-OPEN
GISB-CKG-CU-1000-S056,CKG,CU,1000,56,1000,392,2.5510204081632653,303,0.7729591836734694,0.733,0.117,0.089,0.061,143,6.993006993006993,0.2142475204057214,0.27746464002853294,8134,15805,2714.110001269541,1.5387099498332557,0.0999162332965923,7,12479.879103,12.479879103,5,7,2,K-OPEN
GISB-CKG-CU-1000-S078,CKG,CU,1000,78,1000,397,2.5188916876574305,309,0.7783375314861462,0.705,0.145,0.098,0.052,143,6.993006993006993,0.21290843102141352,0.27842585714126905,8134,15805,2714.110001269541,1.5387099498332557,0.0999162332965923,7,12490.889929,12.490889929000002,5,7,2,K-OPEN
GISB-CKG-CU-1000-S090,CKG,CU,1000,90,1000,398,2.512562814070352,295,0.7412060301507538,0.705,0.157,0.082,0.056,143,6.993006993006993,0.2272047534714008,0.27275565893508374,8134,15805,2714.110001269541,1.5387099498332557,0.0999162332965923,7,12837.480676,12.837480675999998,5,7,2,K-OPEN
GISB-CKG-CU-500-S012,CKG,CU,500,12,500,200,2.5,150,0.75,0.744,0.116,0.09,0.05,72,6.944444444444445,0.24462215762273049,0.279916449662433,8134,15805,2714.110001269541,1.5387099498332557,0.0999162332965923,4,6641.69934,13.28339868,3,4,1,K-OPEN
GISB-CKG-CU-500-S034,CKG,CU,500,34,500,205,2.4390243902439024,159,0.775609756097561,0.714,0.13,0.096,0.06,72,6.944444444444445,0.24579666393179544,0.27128731907680503,8134,15805,2714.110001269541,1.5387099498332557,0.0999162332965923,4,6706.123492,13.412246984,3,4,1,K-OPEN
GISB-CKG-CU-500-S056,CKG,CU,500,56,500,207,2.4154589371980677,151,0.7294685990338164,0.754,0.09,0.094,0.062,72,6.944444444444445,0.2104471430074545,0.27897719364430124,8134,15805,2714.110001269541,1.5387099498332557,0.0999162332965923,4,6600.25277,13.20050554,3,4,1,K-OPEN
GISB-CKG-CU-500-S078,CKG,CU,500,78,500,203,2.4630541871921183,151,0.7438423645320197,0.738,0.094,0.108,0.06,72,6.944444444444445,0.20489997559785117,0.27268719536493524,8134,15805,2714.110001269541,1.5387099498332557,0.0999162332965923,4,6287.677626,12.575355252,3,4,1,K-OPEN
GISB-CKG-CU-500-S090,CKG,CU,500,90,500,204,2.450980392156863,157,0.7696078431372549,0.748,0.134,0.072,0.046,72,6.944444444444445,0.24812899870833313,0.27580047176268147,8134,15805,2714.110001269541,1.5387099498332557,0.0999162332965923,4,6157.57945,12.3151589,3,4,1,K-OPEN
GISB-CKG-CZ-100-S012,CKG,CZ,100,12,100,40,2.5,31,0.775,0.64,0.17,0.15,0.04,15,6.666666666666667,0.23664319132398462,0.04052404732685063,8134,15805,2714.110001269541,1.5387099498332557,0.0999162332965923,1,156.945153,1.56945153,1,1,0,K-OPT
GISB-CKG-CZ-100-S034,CKG,CZ,100,34,100,38,2.6315789473684212,31,0.8157894736842105,0.83,0.1,0.04,0.03,15,6.666666666666667,0.23021728866442676,0.03928937836385953,8134,15805,2714.110001269541,1.5387099498332557,0.0999162332965923,1,151.149583,1.51149583,1,1,0,K-OPT
GISB-CKG-CZ-100-S056,CKG,CZ,100,56,100,45,2.2222222222222223,33,0.7333333333333333,0.79,0.1,0.05,0.06,15,6.666666666666667,0.25495097567963926,0.046082639887907964,8134,15805,2714.110001269541,1.5387099498332557,0.0999162332965923,1,178.661455,1.78661455,1,1,0,K-OPT
GISB-CKG-CZ-100-S078,CKG,CZ,100,78,100,32,3.125,28,0.875,0.63,0.2,0.08,0.09,15,6.666666666666667,0.16124515496597097,0.07959225470382533,8134,15805,2714.110001269541,1.5387099498332557,0.0999162332965923,1,357.170952,3.57170952,1,1,0,K-OPT
GISB-CKG-CZ-100-S090,CKG,CZ,100,90,100,42,2.380952380952381,35,0.8333333333333334,0.76,0.17,0.04,0.03,15,6.666666666666667,0.19493588689617927,0.0558256469026434,8134,15805,2714.110001269541,1.5387099498332557,0.0999162332965923,1,258.758721,2.5875872099999997,1,1,0,K-OPT
GISB-CKG-CZ-1000-S012,CKG,CZ,1000,12,1000,399,2.506265664160401,303,0.7593984962406015,0.734,0.121,0.099,0.046,143,6.993006993006993,0.24940729740727313,0.2700292780515473,8134,15805,2714.110001269541,1.5387099498332557,0.0999162332965923,6,11001.745298,11.001745298,5,6,1,K-OPEN
GISB-CKG-CZ-1000-S034,CKG,CZ,1000,34,1000,413,2.4213075060532687,307,0.7433414043583535,0.711,0.137,0.088,0.064,143,6.993006993006993,0.24419254697881346,0.2831782931178003,8134,15805,2714.110001269541,1.5387099498332557,0.0999162332965923,7,12429.976621,12.429976621,5,7,2,K-OPEN
GISB-CKG-CZ-1000-S056,CKG,CZ,1000,56,1000,424,2.358490566037736,311,0.7334905660377359,0.755,0.126,0.07,0.049,143,6.993006993006993,0.2142475204057214,0.1728208458305487,8134,15805,2714.110001269541,1.5387099498332557,0.0999162332965923,6,8760.882312,8.760882312,5,6,1,K-OPEN
GISB-CKG-CZ-1000-S078,CKG,CZ,1000,78,1000,407,2.457002457002457,309,0.7592137592137592,0.727,0.111,0.098,0.064,143,6.993006993006993,0.21290843102141352,0.18160029918238266,8134,15805,2714.110001269541,1.5387099498332557,0.0999162332965923,6,8731.382831,8.731382831000001,5,6,1,K-OPEN
GISB-CKG-CZ-1000-S090,CKG,CZ,1000,90,1000,423,2.3640661938534278,306,0.723404255319149,0.738,0.13,0.069,0.063,143,6.993006993006993,0.2272047534714008,0.2493022956507526,8134,15805,2714.110001269541,1.5387099498332557,0.0999162332965923,6,11247.949556,11.247949556,5,6,1,K-OPEN
GISB-CKG-CZ-500-S012,CKG,CZ,500,12,500,192,2.6041666666666665,148,0.7708333333333334,0.712,0.156,0.096,0.036,72,6.944444444444445,0.24462215762273049,0.24341019009782475,8134,15805,2714.110001269541,1.5387099498332557,0.0999162332965923,3,4980.997541,9.961995082,3,3,0,K-OPT
GISB-CKG-CZ-500-S034,CKG,CZ,500,34,500,223,2.242152466367713,163,0.7309417040358744,0.768,0.11,0.068,0.054,72,6.944444444444445,0.24579666393179544,0.155588878679372,8134,15805,2714.110001269541,1.5387099498332557,0.0999162332965923,3,3760.18151,7.52036302,3,3,0,K-OPT
GISB-CKG-CZ-500-S056,CKG,CZ,500,56,500,195,2.5641025641025643,151,0.7743589743589744,0.734,0.138,0.096,0.032,72,6.944444444444445,0.2104471430074545,0.1813220597904073,8134,15805,2714.110001269541,1.5387099498332557,0.0999162332965923,3,3405.786984,6.811573967999999,3,3,0,K-OPT
GISB-CKG-CZ-500-S078,CKG,CZ,500,78,500,188,2.6595744680851063,150,0.7978723404255319,0.706,0.132,0.108,0.054,72,6.944444444444445,0.20489997559785117,0.29527197888737394,8134,15805,2714.110001269541,1.5387099498332557,0.0999162332965923,3,5622.636294,11.245272588,3,3,0,K-OPT
GISB-CKG-CZ-500-S090,CKG,CZ,500,90,500,193,2.5906735751295336,150,0.7772020725388601,0.76,0.096,0.08,0.064,72,6.944444444444445,0.24812899870833313,0.24254706755773048,8134,15805,2714.110001269541,1.5387099498332557,0.0999162332965923,3,3826.234503,7.6524690060000005,3,3,0,K-OPT
GISB-SHA-CH-100-S012,SHA,CH,100,12,100,48,2.0833333333333335,32,0.6666666666666666,0.7,0.2,0.08,0.02,15,6.666666666666667,0.2720294101747089,0.27643158509878774,7687,18283,3112.449921193289,1.2784466483849033,0.0436802617235968,1,668.9220604419055,6.689220604419055,1,1,0,K-OPT
GISB-SHA-CH-100-S034,SHA,CH,100,34,100,48,2.0833333333333335,37,0.7708333333333334,0.75,0.1,0.13,0.02,15,6.666666666666667,0.317804971641414,0.28050082298370127,7687,18283,3112.449921193289,1.2784466483849033,0.0436802617235968,1,655.3593619881729,6.553593619881728,1,1,0,K-OPT
GISB-SHA-CH-100-S056,SHA,CH,100,56,100,39,2.5641025641025643,30,0.7692307692307693,0.6,0.17,0.05,0.18,15,6.666666666666667,0.2720294101747089,0.2783739348714654,7687,18283,3112.449921193289,1.2784466483849033,0.0436802617235968,1,725.5126311440453,7.255126311440453,1,1,0,K-OPT
GISB-SHA-CH-100-S078,SHA,CH,100,78,100,50,2.0,37,0.74,0.6,0.22,0.08,0.1,15,6.666666666666667,0.29325756597230357,0.29292665938243095,7687,18283,3112.449921193289,1.2784466483849033,0.0436802617235968,1,719.4879834605716,7.194879834605716,1,1,0,K-OPT
GISB-SHA-CH-100-S090,SHA,CH,100,90,100,43,2.3255813953488373,33,0.7674418604651163,0.76,0.17,0.03,0.04,15,6.666666666666667,0.3271085446759225,0.31179730418957996,7687,18283,3112.449921193289,1.2784466483849033,0.0436802617235968,1,749.1177820384696,7.491177820384696,1,1,0,K-OPT
GISB-SHA-CH-1000-S012,SHA,CH,1000,12,1000,438,2.2831050228310503,322,0.7351598173515982,0.72,0.155,0.072,0.053,143,6.993006993006993,0.28674727548836454,0.28882817543893535,7687,18283,3112.449921193289,1.2784466483849033,0.0436802617235968,6,10739.646884119256,10.739646884119256,5,6,1,K-OPEN
GISB-SHA-CH-1000-S034,SHA,CH,1000,34,1000,456,2.192982456140351,331,0.7258771929824561,0.724,0.118,0.094,0.064,143,6.993006993006993,0.26712543869875066,0.2859702309988363,7687,18283,3112.449921193289,1.2784466483849033,0.0436802617235968,6,10768.59814097086,10.76859814097086,5,6,1,K-OPEN
GISB-SHA-CH-1000-S056,SHA,CH,1000,56,1000,448,2.232142857142857,330,0.7366071428571429,0.729,0.11,0.098,0.063,143,6.993006993006993,0.29413262314813027,0.28769898975336977,7687,18283,3112.449921193289,1.2784466483849033,0.0436802617235968,6,10966.256353472463,10.966256353472463,5,6,1,K-OPEN
GISB-SHA-CH-1000-S078,SHA,CH,1000,78,1000,466,2.1459227467811157,325,0.6974248927038627,0.734,0.12,0.077,0.069,143,6.993006993006993,0.28474550040343044,0.28208873675022,7687,18283,3112.449921193289,1.2784466483849033,0.0436802617235968,6,10880.792111102332,10.880792111102332,5,6,1,K-OPEN
GISB-SHA-CH-1000-S090,SHA,CH,1000,90,1000,459,2.178649237472767,337,0.7342047930283224,0.733,0.11,0.101,0.056,143,6.993006993006993,0.2902171600715574,0.2852013581488166,7687,18283,3112.449921193289,1.2784466483849033,0.0436802617235968,6,10991.60911916003,10.99160911916003,5,6,1,K-OPEN
GISB-SHA-CH-500-S012,SHA,CH,500,12,500,227,2.202643171806167,160,0.7048458149779736,0.702,0.132,0.088,0.078,72,6.944444444444445,0.3025227264190246,0.29070681126047015,7687,18283,3112.449921193289,1.2784466483849033,0.0436802617235968,3,5232.456247531899,10.464912495063798,3,3,0,K-OPT
GISB-SHA-CH-500-S034,SHA,CH,500,34,500,222,2.2522522522522523,170,0.7657657657657657,0.72,0.114,0.1,0.066,72,6.944444444444445,0.26928052287530935,0.29796790288890757,7687,18283,3112.449921193289,1.2784466483849033,0.0436802617235968,3,5597.621661614208,11.195243323228416,3,3,0,K-OPT
GISB-SHA-CH-500-S056,SHA,CH,500,56,500,235,2.127659574468085,164,0.6978723404255319,0.75,0.134,0.052,0.064,72,6.944444444444445,0.2918629815512752,0.2802235065488066,7687,18283,3112.449921193289,1.2784466483849033,0.0436802617235968,3,5461.474614697148,10.922949229394296,3,3,0,K-OPT
GISB-SHA-CH-500-S078,SHA,CH,500,78,500,234,2.1367521367521367,163,0.6965811965811965,0.722,0.122,0.09,0.066,72,6.944444444444445,0.3015692291995322,0.286986659895668,7687,18283,3112.449921193289,1.2784466483849033,0.0436802617235968,3,5215.8004420843245,10.431600884168649,3,3,0,K-OPT
GISB-SHA-CH-500-S090,SHA,CH,500,90,500,235,2.127659574468085,159,0.676595744680851,0.704,0.108,0.106,0.082,72,6.944444444444445,0.267132925713024,0.29463768416781416,7687,18283,3112.449921193289,1.2784466483849033,0.0436802617235968,3,5605.818109296422,11.211636218592846,3,3,0,K-OPT
GISB-SHA-CU-100-S012,SHA,CU,100,12,100,46,2.1739130434782608,34,0.7391304347826086,0.75,0.09,0.08,0.08,15,6.666666666666667,0.23664319132398462,0.2834280066113888,7687,18283,3112.449921193289,1.2784466483849033,0.0436802617235968,1,656.619292247872,6.566192922478719,1,1,0,K-OPT
GISB-SHA-CU-100-S034,SHA,CU,100,34,100,43,2.3255813953488373,34,0.7906976744186046,0.59,0.24,0.11,0.06,15,6.666666666666667,0.23021728866442676,0.2649105348828553,7687,18283,3112.449921193289,1.2784466483849033,0.0436802617235968,1,667.4393730826062,6.674393730826061,1,1,0,K-OPT
GISB-SHA-CU-100-S056,SHA,CU,100,56,100,44,2.272727272727273,35,0.7954545454545454,0.86,0.08,0.02,0.04,15,6.666666666666667,0.25495097567963926,0.3141115488189035,7687,18283,3112.449921193289,1.2784466483849033,0.0436802617235968,1,685.1793863515172,6.851793863515172,1,1,0,K-OPT
GISB-SHA-CU-100-S078,SHA,CU,100,78,100,46,2.1739130434782608,34,0.7391304347826086,0.72,0.08,0.15,0.05,15,6.666666666666667,0.16124515496597097,0.30410049123550503,7687,18283,3112.449921193289,1.2784466483849033,0.0436802617235968,1,722.7449258129101,7.227449258129101,1,1,0,K-OPT
GISB-SHA-CU-100-S090,SHA,CU,100,90,100,45,2.2222222222222223,37,0.8222222222222222,0.87,0.06,0.07,0.0,15,6.666666666666667,0.19493588689617927,0.27729083368728297,7687,18283,3112.449921193289,1.2784466483849033,0.0436802617235968,1,642.2407881826978,6.422407881826977,1,1,0,K-OPT
GISB-SHA-CU-1000-S012,SHA,CU,1000,12,1000,458,2.183406113537118,336,0.7336244541484717,0.745,0.123,0.071,0.061,143,6.993006993006993,0.24940729740727313,0.28859843872399144,7687,18283,3112.449921193289,1.2784466483849033,0.0436802617235968,6,10874.00594931459,10.874005949314592,5,6,1,K-OPEN
GISB-SHA-CU-1000-S034,SHA,CU,1000,34,1000,454,2.202643171806167,322,0.7092511013215859,0.698,0.13,0.109,0.063,143,6.993006993006993,0.24419254697881346,0.28913737731126093,7687,18283,3112.449921193289,1.2784466483849033,0.0436802617235968,6,11222.236637923424,11.222236637923425,5,6,1,K-OPEN
GISB-SHA-CU-1000-S056,SHA,CU,1000,56,1000,452,2.2123893805309733,334,0.7389380530973452,0.753,0.105,0.085,0.057,143,6.993006993006993,0.2142475204057214,0.2859331650943391,7687,18283,3112.449921193289,1.2784466483849033,0.0436802617235968,6,10811.8599763473,10.8118599763473,5,6,1,K-OPEN
GISB-SHA-CU-1000-S078,SHA,CU,1000,78,1000,451,2.2172949002217295,332,0.7361419068736141,0.753,0.114,0.087,0.046,143,6.993006993006993,0.21290843102141352,0.2870122534958033,7687,18283,3112.449921193289,1.2784466483849033,0.0436802617235968,6,10823.234122767686,10.823234122767687,5,6,1,K-OPEN
GISB-SHA-CU-1000-S090,SHA,CU,1000,90,1000,449,2.2271714922048997,317,0.7060133630289532,0.725,0.134,0.081,0.06,143,6.993006993006993,0.2272047534714008,0.2877384105709095,7687,18283,3112.449921193289,1.2784466483849033,0.0436802617235968,6,10870.024949802884,10.870024949802884,5,6,1,K-OPEN
GISB-SHA-CU-500-S012,SHA,CU,500,12,500,233,2.1459227467811157,163,0.6995708154506438,0.734,0.136,0.05,0.08,72,6.944444444444445,0.24462215762273049,0.2812725005806128,7687,18283,3112.449921193289,1.2784466483849033,0.0436802617235968,3,4973.894197143828,9.947788394287656,3,3,0,K-OPT
GISB-SHA-CU-500-S034,SHA,CU,500,34,500,230,2.1739130434782608,172,0.7478260869565218,0.764,0.104,0.07,0.062,72,6.944444444444445,0.24579666393179544,0.28169097022190065,7687,18283,3112.449921193289,1.2784466483849033,0.0436802617235968,3,5034.028864175526,10.068057728351052,3,3,0,K-OPT
GISB-SHA-CU-500-S056,SHA,CU,500,56,500,236,2.1186440677966103,171,0.7245762711864406,0.776,0.116,0.042,0.066,72,6.944444444444445,0.2104471430074545,0.2941619096821711,7687,18283,3112.449921193289,1.2784466483849033,0.0436802617235968,3,5337.6605661887415,10.675321132377483,3,3,0,K-OPT
GISB-SHA-CU-500-S078,SHA,CU,500,78,500,231,2.1645021645021645,158,0.683982683982684,0.75,0.124,0.078,0.048,72,6.944444444444445,0.20489997559785117,0.2929988878613492,7687,18283,3112.449921193289,1.2784466483849033,0.0436802617235968,3,5361.0657572443015,10.722131514488604,3,3,0,K-OPT
GISB-SHA-CU-500-S090,SHA,CU,500,90,500,232,2.1551724137931036,165,0.7112068965517241,0.706,0.104,0.104,0.086,72,6.944444444444445,0.24812899870833313,0.28555138712139994,7687,18283,3112.449921193289,1.2784466483849033,0.0436802617235968,3,5295.853627489936,10.591707254979871,3,3,0,K-OPT
GISB-SHA-CZ-100-S012,SHA,CZ,100,12,100,43,2.3255813953488373,38,0.8837209302325582,0.68,0.15,0.1,0.07,15,6.666666666666667,0.23664319132398462,0.0593401818329202,7687,18283,3112.449921193289,1.2784466483849033,0.0436802617235968,1,196.08791562050143,1.9608791562050143,1,1,0,K-OPT
GISB-SHA-CZ-100-S034,SHA,CZ,100,34,100,44,2.272727272727273,29,0.6590909090909091,0.6,0.22,0.11,0.07,15,6.666666666666667,0.23021728866442676,0.062316184740208766,7687,18283,3112.449921193289,1.2784466483849033,0.0436802617235968,1,215.9498271815793,2.159498271815793,1,1,0,K-OPT
GISB-SHA-CZ-100-S056,SHA,CZ,100,56,100,49,2.0408163265306123,33,0.673469387755102,0.68,0.21,0.07,0.04,15,6.666666666666667,0.25495097567963926,0.06380723539807305,7687,18283,3112.449921193289,1.2784466483849033,0.0436802617235968,1,229.56937392769527,2.2956937392769525,1,1,0,K-OPT
GISB-SHA-CZ-100-S078,SHA,CZ,100,78,100,51,1.9607843137254901,34,0.6666666666666666,0.63,0.16,0.12,0.09,15,6.666666666666667,0.16124515496597097,0.06489453873545852,7687,18283,3112.449921193289,1.2784466483849033,0.0436802617235968,1,224.0189429700901,2.240189429700901,1,1,0,K-OPT
GISB-SHA-CZ-100-S090,SHA,CZ,100,90,100,45,2.2222222222222223,36,0.8,0.76,0.11,0.08,0.05,15,6.666666666666667,0.19493588689617927,0.0607069046909994,7687,18283,3112.449921193289,1.2784466483849033,0.0436802617235968,1,203.7103405622039,2.037103405622039,1,1,0,K-OPT
GISB-SHA-CZ-1000-S012,SHA,CZ,1000,12,1000,457,2.1881838074398248,335,0.7330415754923414,0.716,0.132,0.096,0.056,143,6.993006993006993,0.24940729740727313,0.2234914351381705,7687,18283,3112.449921193289,1.2784466483849033,0.0436802617235968,6,7956.04487007315,7.956044870073151,5,6,1,K-OPEN
GISB-SHA-CZ-1000-S034,SHA,CZ,1000,34,1000,459,2.178649237472767,329,0.7167755991285403,0.736,0.13,0.067,0.067,143,6.993006993006993,0.24419254697881346,0.21986775235429223,7687,18283,3112.449921193289,1.2784466483849033,0.0436802617235968,6,8632.129098686959,8.632129098686958,5,6,1,K-OPEN
GISB-SHA-CZ-1000-S056,SHA,CZ,1000,56,1000,435,2.2988505747126435,339,0.7793103448275862,0.737,0.131,0.074,0.058,143,6.993006993006993,0.2142475204057214,0.20611535700281128,7687,18283,3112.449921193289,1.2784466483849033,0.0436802617235968,6,8513.589066604309,8.51358906660431,5,6,1,K-OPEN
GISB-SHA-CZ-1000-S078,SHA,CZ,1000,78,1000,467,2.1413276231263385,323,0.6916488222698073,0.727,0.118,0.094,0.061,143,6.993006993006993,0.21290843102141352,0.22537940095906217,7687,18283,3112.449921193289,1.2784466483849033,0.0436802617235968,6,8692.55428289619,8.69255428289619,5,6,1,K-OPEN
GISB-SHA-CZ-1000-S090,SHA,CZ,1000,90,1000,437,2.288329519450801,345,0.7894736842105263,0.74,0.129,0.074,0.057,143,6.993006993006993,0.2272047534714008,0.2117765393151486,7687,18283,3112.449921193289,1.2784466483849033,0.0436802617235968,6,7908.264647222857,7.9082646472228575,5,6,1,K-OPEN
GISB-SHA-CZ-500-S012,SHA,CZ,500,12,500,214,2.336448598130841,161,0.7523364485981309,0.756,0.138,0.042,0.064,72,6.944444444444445,0.24462215762273049,0.16691043349633877,7687,18283,3112.449921193289,1.2784466483849033,0.0436802617235968,3,3160.065963192684,6.320131926385368,3,3,0,K-OPT
GISB-SHA-CZ-500-S034,SHA,CZ,500,34,500,227,2.202643171806167,164,0.7224669603524229,0.698,0.128,0.124,0.05,72,6.944444444444445,0.24579666393179544,0.18348275088720667,7687,18283,3112.449921193289,1.2784466483849033,0.0436802617235968,3,3136.4942292556134,6.272988458511227,3,3,0,K-OPT
GISB-SHA-CZ-500-S056,SHA,CZ,500,56,500,227,2.202643171806167,161,0.7092511013215859,0.712,0.14,0.078,0.07,72,6.944444444444445,0.2104471430074545,0.20824298369826064,7687,18283,3112.449921193289,1.2784466483849033,0.0436802617235968,3,3291.348907447023,6.582697814894046,3,3,0,K-OPT
GISB-SHA-CZ-500-S078,SHA,CZ,500,78,500,230,2.1739130434782608,167,0.7260869565217392,0.708,0.148,0.08,0.064,72,6.944444444444445,0.20489997559785117,0.24830571421591308,7687,18283,3112.449921193289,1.2784466483849033,0.0436802617235968,3,4502.699384692228,9.005398769384456,3,3,0,K-OPT
GISB-SHA-CZ-500-S090,SHA,CZ,500,90,500,220,2.272727272727273,162,0.7363636363636363,0.73,0.136,0.074,0.06,72,6.944444444444445,0.24812899870833313,0.2071061281531944,7687,18283,3112.449921193289,1.2784466483849033,0.0436802617235968,3,3751.2567113096393,7.502513422619279,3,3,0,K-OPT
